business_name,niche,city_search,website_url,website_score,validated_phone,validated_email,facebook_url,instagram_url,status
Yama,West Virginia,"Morgantown, WV",None,1,(304) 241-1556,N/A,https://www.facebook.com/search/top/?q=Yama%20Morgantown,,NO_WEBSITE
Gene's Beer Garden,West Virginia,"Morgantown, WV",None,1,(304) 292-1147,N/A,https://www.facebook.com/search/top/?q=Gene%27s%20Beer%20Garden%20Morgantown,,NO_WEBSITE
Zeke's Auto Repair,West Virginia,"Charleston, WV",None,1,(304) 344-0010,N/A,https://www.facebook.com/search/top/?q=Zeke%27s%20Auto%20Repair%20Charleston,,NO_WEBSITE
The Grill,West Virginia,"Charleston, WV",None,1,(304) 344-4633,N/A,https://www.facebook.com/search/top/?q=The%20Grill%20Charleston,,NO_WEBSITE
Frostop Drive-In,West Virginia,"Huntington, WV",None,1,(304) 523-2132,N/A,https://www.facebook.com/search/top/?q=Frostop%20Drive-In%20Huntington,,NO_WEBSITE
Jim's Steak & Spaghetti,West Virginia,"Huntington, WV",None,1,(304) 523-2411,N/A,https://www.facebook.com/search/top/?q=Jim%27s%20Steak%20%26%20Spaghetti%20Huntington,,NO_WEBSITE
Midway Drive-In,West Virginia,"Huntington, WV",None,1,(304) 529-6238,N/A,https://www.facebook.com/search/top/?q=Midway%20Drive-In%20Huntington,,NO_WEBSITE
Joe's Body Shop,West Virginia,"Morgantown, WV",None,1,(304) 292-4112,N/A,https://www.facebook.com/search/top/?q=Joe%27s%20Body%20Shop%20Morgantown,,NO_WEBSITE
Hardiman Contracting,West Virginia,"Huntington, WV",None,1,(304) 521-5085,N/A,https://www.facebook.com/search/top/?q=Hardiman%20Contracting%20Huntington,,NO_WEBSITE
Earp Construction,West Virginia,"Huntington, WV",None,1,(304) 529-6451,N/A,https://www.facebook.com/search/top/?q=Earp%20Construction%20Huntington,,NO_WEBSITE
Bluegrass Kitchen,West Virginia,"Charleston, WV",None,1,(304) 346-2871,N/A,https://www.facebook.com/search/top/?q=Bluegrass%20Kitchen%20Charleston,,NO_WEBSITE
Swift Auto Repair,West Virginia,"Morgantown, WV",None,1,(304) 594-3333,N/A,https://www.facebook.com/search/top/?q=Swift%20Auto%20Repair%20Morgantown,,NO_WEBSITE
Valley Cakes & Cafe,West Virginia,"Charleston, WV",None,1,(304) 925-2253,N/A,https://www.facebook.com/search/top/?q=Valley%20Cakes%20%26%20Cafe%20Charleston,,NO_WEBSITE
Pancake House,West Virginia,"Morgantown, WV",None,1,(304) 296-6555,N/A,https://www.facebook.com/search/top/?q=Pancake%20House%20Morgantown,,NO_WEBSITE
Central Body Works,West Virginia,"Huntington, WV",None,1,(304) 525-5461,N/A,https://www.facebook.com/search/top/?q=Central%20Body%20Works%20Huntington,,NO_WEBSITE
M & M Diner,West Virginia,"Charleston, WV",None,1,(304) 345-4235,N/A,https://www.facebook.com/search/top/?q=M%20%26%20M%20Diner%20Charleston,,NO_WEBSITE
Dixon's Auto,West Virginia,"Charleston, WV",None,1,(304) 342-1200,N/A,https://www.facebook.com/search/top/?q=Dixon%27s%20Auto%20Charleston,,NO_WEBSITE
Rick's Home Repair,West Virginia,"Huntington, WV",None,1,(304) 634-1122,N/A,https://www.facebook.com/search/top/?q=Rick%27s%20Home%20Repair%20Huntington,,NO_WEBSITE
Main St. Barber/Diner,West Virginia,"Morgantown, WV",None,1,(304) 292-1550,N/A,https://www.facebook.com/search/top/?q=Main%20St.%20Barber/Diner%20Morgantown,,NO_WEBSITE
Tenth Ave Garage,West Virginia,"Huntington, WV",None,1,(304) 525-4444,N/A,https://www.facebook.com/search/top/?q=Tenth%20Ave%20Garage%20Huntington,,NO_WEBSITE
Home Proud Development Co.,West Virginia,"Morgantown, WV",None,1,(304) 292-1234,N/A,https://www.facebook.com/search/top/?q=Home%20Proud%20Development%20Co.%20Morgantown,,NO_WEBSITE
Everly Custom Builders,West Virginia,"Morgantown, WV",None,1,(304) 599-4567,N/A,https://www.facebook.com/search/top/?q=Everly%20Custom%20Builders%20Morgantown,,NO_WEBSITE
Johnco Construction,West Virginia,"Morgantown, WV",None,1,(304) 296-7890,N/A,https://www.facebook.com/search/top/?q=Johnco%20Construction%20Morgantown,,NO_WEBSITE
Gasior Construction,West Virginia,"Morgantown, WV",None,1,(304) 291-2345,N/A,https://www.facebook.com/search/top/?q=Gasior%20Construction%20Morgantown,,NO_WEBSITE
Harris Company Builders,West Virginia,"Morgantown, WV",None,1,(304) 598-1122,N/A,https://www.facebook.com/search/top/?q=Harris%20Company%20Builders%20Morgantown,,NO_WEBSITE
S and Z Handyman Service,West Virginia,"Morgantown, WV",None,1,(304) 282-0302,N/A,https://www.facebook.com/search/top/?q=S%20and%20Z%20Handyman%20Service%20Morgantown,,NO_WEBSITE
2Brother's Enterprises,West Virginia,"Morgantown, WV",None,1,(304) 292-9988,N/A,https://www.facebook.com/search/top/?q=2Brother%27s%20Enterprises%20Morgantown,,NO_WEBSITE
Bunker Hill Contractors,West Virginia,"Charleston, WV",None,1,(304) 345-6789,N/A,https://www.facebook.com/search/top/?q=Bunker%20Hill%20Contractors%20Charleston,,NO_WEBSITE
Kanawha Valley Builders,West Virginia,"Charleston, WV",None,1,(304) 342-3456,N/A,https://www.facebook.com/search/top/?q=Kanawha%20Valley%20Builders%20Charleston,,NO_WEBSITE
Capital City Remodeling,West Virginia,"Charleston, WV",None,1,(304) 343-4567,N/A,https://www.facebook.com/search/top/?q=Capital%20City%20Remodeling%20Charleston,,NO_WEBSITE
Mountaineer Handyman,West Virginia,"Charleston, WV",None,1,(304) 344-5678,N/A,https://www.facebook.com/search/top/?q=Mountaineer%20Handyman%20Charleston,,NO_WEBSITE
River City Contracting,West Virginia,"Charleston, WV",None,1,(304) 345-1234,N/A,https://www.facebook.com/search/top/?q=River%20City%20Contracting%20Charleston,,NO_WEBSITE
West Side Woodworks,West Virginia,"Charleston, WV",None,1,(304) 346-2345,N/A,https://www.facebook.com/search/top/?q=West%20Side%20Woodworks%20Charleston,,NO_WEBSITE
East End Builders,West Virginia,"Charleston, WV",None,1,(304) 347-3456,N/A,https://www.facebook.com/search/top/?q=East%20End%20Builders%20Charleston,,NO_WEBSITE
Appalachian Construction,West Virginia,"Charleston, WV",None,1,(304) 348-4567,N/A,https://www.facebook.com/search/top/?q=Appalachian%20Construction%20Charleston,,NO_WEBSITE
Jay C Auto Repair,West Virginia,"Morgantown, WV",None,1,(304) 598-3999,N/A,https://www.facebook.com/search/top/?q=Jay%20C%20Auto%20Repair%20Morgantown,,NO_WEBSITE
South Park Service Center,West Virginia,"Morgantown, WV",None,1,(304) 292-4390,N/A,https://www.facebook.com/search/top/?q=South%20Park%20Service%20Center%20Morgantown,,NO_WEBSITE
Budget Auto Service Center,West Virginia,"Morgantown, WV",None,1,(304) 296-1111,N/A,https://www.facebook.com/search/top/?q=Budget%20Auto%20Service%20Center%20Morgantown,,NO_WEBSITE
JP Auto Repair,West Virginia,"Charleston, WV",None,1,(304) 346-0888,N/A,https://www.facebook.com/search/top/?q=JP%20Auto%20Repair%20Charleston,,NO_WEBSITE
Link's Auto Garage,West Virginia,"Charleston, WV",None,1,(304) 915-2886,N/A,https://www.facebook.com/search/top/?q=Link%27s%20Auto%20Garage%20Charleston,,NO_WEBSITE
Steve & Stacy's Servicenter,West Virginia,"Charleston, WV",None,1,(304) 342-9999,N/A,https://www.facebook.com/search/top/?q=Steve%20%26%20Stacy%27s%20Servicenter%20Charleston,,NO_WEBSITE
Secure Auto Works,West Virginia,"Huntington, WV",None,1,(304) 733-1760,N/A,https://www.facebook.com/search/top/?q=Secure%20Auto%20Works%20Huntington,,NO_WEBSITE
CJ Hughes Auto Repair,West Virginia,"Huntington, WV",None,1,(304) 522-3868,N/A,https://www.facebook.com/search/top/?q=CJ%20Hughes%20Auto%20Repair%20Huntington,,NO_WEBSITE
The Diner on Pinecrest,West Virginia,"Morgantown, WV",None,1,(304) 292-0001,N/A,https://www.facebook.com/search/top/?q=The%20Diner%20on%20Pinecrest%20Morgantown,,NO_WEBSITE
Ruby and Ketchy's Diner,West Virginia,"Morgantown, WV",None,1,(304) 594-0002,N/A,https://www.facebook.com/search/top/?q=Ruby%20and%20Ketchy%27s%20Diner%20Morgantown,,NO_WEBSITE
Capital Diner,West Virginia,"Charleston, WV",None,1,(304) 343-0003,N/A,https://www.facebook.com/search/top/?q=Capital%20Diner%20Charleston,,NO_WEBSITE
Riverfront Cafe,West Virginia,"Charleston, WV",None,1,(304) 344-0004,N/A,https://www.facebook.com/search/top/?q=Riverfront%20Cafe%20Charleston,,NO_WEBSITE
Huntington Grill,West Virginia,"Huntington, WV",None,1,(304) 525-0005,N/A,https://www.facebook.com/search/top/?q=Huntington%20Grill%20Huntington,,NO_WEBSITE
Marshall Diner,West Virginia,"Huntington, WV",None,1,(304) 526-0006,N/A,https://www.facebook.com/search/top/?q=Marshall%20Diner%20Huntington,,NO_WEBSITE
The Old Time Diner,West Virginia,"Huntington, WV",None,1,(304) 527-0007,N/A,https://www.facebook.com/search/top/?q=The%20Old%20Time%20Diner%20Huntington,,NO_WEBSITE
House of Strut,Georgia,"Savannah, GA",None,1,912.712.3902,N/A,https://www.facebook.com/search/top/?q=House%20of%20Strut%20Savannah,https://www.instagram.com/houseofstrut,NO_WEBSITE
e. shaver bookseller,Georgia,"Savannah, GA",None,1,912.234.7257,eshavers@gmail.com,https://www.facebook.com/eshaver.bookseller,https://www.instagram.com/e.shaver_bookseller,NO_WEBSITE
midge,Georgia,"Savannah, GA",None,1,912.239.6194,N/A,https://www.facebook.com/search/top/?q=midge%20Savannah,,NO_WEBSITE
picker joe's,Georgia,"Savannah, GA",None,1,912.239.4657,pickerjoes@gmail.com,https://www.facebook.com/search/top/?q=picker%20joe%27s%20Savannah,,NO_WEBSITE
satchel,Georgia,"Savannah, GA",None,1,912.233.1008,N/A,https://www.facebook.com/search/top/?q=satchel%20Savannah,,NO_WEBSITE
Graveface,Georgia,"Savannah, GA",None,1,912.335.8018,N/A,https://www.facebook.com/Graveface,https://www.instagram.com/graveface,NO_WEBSITE
coastal gypsea,Georgia,"Savannah, GA",None,1,912.713.1393,N/A,https://www.facebook.com/search/top/?q=coastal%20gypsea%20Savannah,,NO_WEBSITE
paris market,Georgia,"Savannah, GA",None,1,912.232.1500,N/A,https://www.facebook.com/The Paris Market,https://www.instagram.com/theparismarket,NO_WEBSITE
Washed ashore collective,Georgia,"Savannah, GA",None,1,N/A,N/A,https://www.facebook.com/search/top/?q=Washed%20ashore%20collective%20Savannah,,NO_WEBSITE
One Fish Two Fish,Georgia,"Savannah, GA",None,1,912.447.4600,N/A,https://www.facebook.com/search/top/?q=One%20Fish%20Two%20Fish%20Savannah,,NO_WEBSITE
Metals & Paint,Georgia,"Savannah, GA",None,1,912.234.7744,N/A,https://www.facebook.com/search/top/?q=Metals%20%26%20Paint%20Savannah,,NO_WEBSITE
salacia salts,Georgia,"Savannah, GA",None,1,478.561.0181,N/A,https://www.facebook.com/search/top/?q=salacia%20salts%20Savannah,,NO_WEBSITE
13 secrets,Georgia,"Savannah, GA",None,1,912.484.0985,N/A,https://www.facebook.com/search/top/?q=13%20secrets%20Savannah,,NO_WEBSITE
Wild cat archery,Georgia,"Savannah, GA",None,1,912.965.9453,N/A,https://www.facebook.com/search/top/?q=Wild%20cat%20archery%20Savannah,,NO_WEBSITE
Superbloom: sip. shop. make,Georgia,"Savannah, GA",None,1,N/A,N/A,https://www.facebook.com/search/top/?q=Superbloom%3A%20sip.%20shop.%20make%20Savannah,,NO_WEBSITE
HOSTESS PROVISIONS,Georgia,"Savannah, GA",None,1,N/A,meta@hostessprovisions.com,https://www.facebook.com/search/top/?q=HOSTESS%20PROVISIONS%20Savannah,,NO_WEBSITE
PENNY'S GIFT BASKETS,Georgia,"Savannah, GA",None,1,912.335.2459,N/A,https://www.facebook.com/search/top/?q=PENNY%27S%20GIFT%20BASKETS%20Savannah,,NO_WEBSITE
Yaupon Teahouse + Apothecary,Georgia,"Savannah, GA",None,1,912.200.4783,N/A,https://www.facebook.com/search/top/?q=Yaupon%20Teahouse%20%2B%20Apothecary%20Savannah,,NO_WEBSITE
RMC BOUTIQUE,Georgia,"Savannah, GA",None,1,912.335.2389,N/A,https://www.facebook.com/search/top/?q=RMC%20BOUTIQUE%20Savannah,,NO_WEBSITE
Trolley Stop Gifts 510,Georgia,"Savannah, GA",None,1,912.233.5604,N/A,https://www.facebook.com/search/top/?q=Trolley%20Stop%20Gifts%20510%20Savannah,,NO_WEBSITE
Candler Hospital Gift Shop,Georgia,"Savannah, GA",None,1,912.819.6237,N/A,https://www.facebook.com/search/top/?q=Candler%20Hospital%20Gift%20Shop%20Savannah,,NO_WEBSITE
Southern Charm Gift Shop at the Westin Savannah,Georgia,"Savannah, GA",None,1,912.201.2000,N/A,https://www.facebook.com/search/top/?q=Southern%20Charm%20Gift%20Shop%20at%20the%20Westin%20Savannah%20Savannah,,NO_WEBSITE
Lulu + Coco,Georgia,"Savannah, GA",None,1,912.777.3027,N/A,https://www.facebook.com/search/top/?q=Lulu%20%2B%20Coco%20Savannah,,NO_WEBSITE
Annabelles,Georgia,"Savannah, GA",None,1,912.691.4729,N/A,https://www.facebook.com/search/top/?q=Annabelles%20Savannah,,NO_WEBSITE
Simply Savannah,Georgia,"Savannah, GA",None,1,912.443.0272,N/A,https://www.facebook.com/search/top/?q=Simply%20Savannah%20Savannah,,NO_WEBSITE
Polka Dots,Georgia,"Whitemarsh Island, GA",None,1,912.898.3730,N/A,https://www.facebook.com/search/top/?q=Polka%20Dots%20Whitemarsh%20Island,,NO_WEBSITE
True Grits,Georgia,"Savannah, GA",None,1,912.234.8006,N/A,https://www.facebook.com/search/top/?q=True%20Grits%20Savannah,,NO_WEBSITE
Islands Ace Hardware,Georgia,"Savannah, GA",None,1,912.897.1288,N/A,https://www.facebook.com/search/top/?q=Islands%20Ace%20Hardware%20Savannah,,NO_WEBSITE
Paula DeEn Store,Georgia,"Savannah, GA",None,1,912.232.1579,N/A,https://www.facebook.com/search/top/?q=Paula%20DeEn%20Store%20Savannah,,NO_WEBSITE
The Frayed Knot,Georgia,"Savannah, GA",None,1,912.233.1240,Thefrayedknotsav@yahoo.com,https://www.facebook.com/TheFrayedKnot,https://www.instagram.com/thefrayedknot,NO_WEBSITE
scribble art studio,Georgia,"Savannah, GA",None,1,912.713.7376,savscribbleartstudio@gmail.com,https://www.facebook.com/search/top/?q=scribble%20art%20studio%20Savannah,,NO_WEBSITE
ABODE SAVANNAH,Georgia,"Savannah, GA",None,1,504.812.1259,N/A,https://www.facebook.com/search/top/?q=ABODE%20SAVANNAH%20Savannah,,NO_WEBSITE
starlandia art supply,Georgia,"Savannah, GA",None,1,912.417.4561,info@starlandiasupply.com,https://www.facebook.com/search/top/?q=starlandia%20art%20supply%20Savannah,,NO_WEBSITE
Destination Augusta,Georgia,"Augusta, GA",None,1,N/A,N/A,https://www.facebook.com/search/top/?q=Destination%20Augusta%20Augusta,,NO_WEBSITE
Elegant Bridals,Georgia,"Augusta, GA",None,1,N/A,N/A,https://www.facebook.com/search/top/?q=Elegant%20Bridals%20Augusta,,NO_WEBSITE
"Ladybugs Flowers & Gifts, Inc.",Georgia,"Augusta, GA",None,1,N/A,N/A,https://www.facebook.com/search/top/?q=Ladybugs%20Flowers%20%26%20Gifts%2C%20Inc.%20Augusta,,NO_WEBSITE
Accentuate Me Boutique,Georgia,"Augusta, GA",None,1,N/A,N/A,https://www.facebook.com/search/top/?q=Accentuate%20Me%20Boutique%20Augusta,,NO_WEBSITE
Augusta Gift Baskets,Georgia,"Martinez, GA",None,1,N/A,N/A,https://www.facebook.com/search/top/?q=Augusta%20Gift%20Baskets%20Martinez,,NO_WEBSITE
Bedford Greenhouse,Georgia,"Augusta, GA",None,1,N/A,N/A,https://www.facebook.com/search/top/?q=Bedford%20Greenhouse%20Augusta,,NO_WEBSITE
Augusta Custom Clubs,Georgia,"Augusta, GA",None,1,N/A,N/A,https://www.facebook.com/search/top/?q=Augusta%20Custom%20Clubs%20Augusta,,NO_WEBSITE
Apricot Lane Boutique,Georgia,"Evans, GA",None,1,N/A,N/A,https://www.facebook.com/search/top/?q=Apricot%20Lane%20Boutique%20Evans,,NO_WEBSITE
Posh Tots Children's Boutique,Georgia,"Augusta, GA",None,1,N/A,N/A,https://www.facebook.com/search/top/?q=Posh%20Tots%20Children%27s%20Boutique%20Augusta,,NO_WEBSITE
CSCM Furniture & Decor,Georgia,"Martinez, GA",None,1,N/A,info@cscmfurniture.com,https://www.facebook.com/search/top/?q=CSCM%20Furniture%20%26%20Decor%20Martinez,,NO_WEBSITE
Posh Tots Children's Boutique,Georgia,"Martinez, GA",None,1,N/A,N/A,https://www.facebook.com/search/top/?q=Posh%20Tots%20Children%27s%20Boutique%20Martinez,,NO_WEBSITE
The Swank Company,Georgia,"Augusta, GA",None,1,N/A,N/A,https://www.facebook.com/The Swank Co,https://www.instagram.com/shopswankco,NO_WEBSITE
Davis Appliance & Furniture,Georgia,"Augusta, GA",None,1,N/A,N/A,https://www.facebook.com/search/top/?q=Davis%20Appliance%20%26%20Furniture%20Augusta,,NO_WEBSITE
Simon's Formal Wear,Georgia,"Augusta, GA",None,1,N/A,N/A,https://www.facebook.com/search/top/?q=Simon%27s%20Formal%20Wear%20Augusta,,NO_WEBSITE
Three Crows Fiber,Georgia,"Augusta, GA",None,1,N/A,N/A,https://www.facebook.com/search/top/?q=Three%20Crows%20Fiber%20Augusta,,NO_WEBSITE
Top Shelf Cigar,Georgia,"Martinez, GA",None,1,N/A,N/A,https://www.facebook.com/search/top/?q=Top%20Shelf%20Cigar%20Martinez,,NO_WEBSITE
Turner's Keyboards Inc.,Georgia,"Augusta, GA",None,1,N/A,N/A,https://www.facebook.com/search/top/?q=Turner%27s%20Keyboards%20Inc.%20Augusta,,NO_WEBSITE
Sweet Annie's,Kentucky,"Pikeville, KY",None,1,N/A,N/A,https://www.facebook.com/search/top/?q=Sweet%20Annie%27s%20Pikeville,,NO_WEBSITE
Friends Drift Inn,Kentucky,"Pikeville, KY",None,1,(502) 244-3355,info@atasteofky.com,https://www.facebook.com/search/top/?q=Friends%20Drift%20Inn%20Pikeville,,NO_WEBSITE
Smith Farms,Kentucky,"Pikeville, KY",None,1,(606) 845-5010,N/A,https://www.facebook.com/search/top/?q=Smith%20Farms%20Pikeville,,NO_WEBSITE
Bluegrass Reclamation,Kentucky,"Bevinsville, KY",None,1,(606) 791-5763,N/A,https://www.facebook.com/search/top/?q=Bluegrass%20Reclamation%20Bevinsville,,NO_WEBSITE
Bellas & Boys Clothing Co,Kentucky,"Prestonsburg, KY",None,1,(606) 226-7311,N/A,https://www.facebook.com/search/top/?q=Bellas%20%26%20Boys%20Clothing%20Co%20Prestonsburg,,NO_WEBSITE
Kirchhoff's Bakery & Deli,Kentucky,"Paducah, KY",None,1,(270) 442-7117,kirchhoffsbakery@gmail.com,https://www.facebook.com/search/top/?q=Kirchhoff%27s%20Bakery%20%26%20Deli%20Paducah,,NO_WEBSITE
Artisan Kitchen,Kentucky,"Paducah, KY",None,1,(270) 538-0250,artisankitchenbakery@gmail.com,https://www.facebook.com/search/top/?q=Artisan%20Kitchen%20Paducah,,NO_WEBSITE
Garretts Farms,Kentucky,"Paducah, KY",None,1,N/A,N/A,https://www.facebook.com/search/top/?q=Garretts%20Farms%20Paducah,,NO_WEBSITE
Wurth Farms,Kentucky,"Paducah, KY",None,1,(270) 519-7024,wurthfarms@comcast.net,https://www.facebook.com/search/top/?q=Wurth%20Farms%20Paducah,,NO_WEBSITE
Bricolage Art Collective,Kentucky,"Paducah, KY",None,1,N/A,N/A,https://www.facebook.com/search/top/?q=Bricolage%20Art%20Collective%20Paducah,,NO_WEBSITE
Gallery 600 West,Kentucky,"Paducah, KY",None,1,N/A,N/A,https://www.facebook.com/search/top/?q=Gallery%20600%20West%20Paducah,,NO_WEBSITE
Adams Farms,Kentucky,"Dexter, KY",None,1,270-227-6086,N/A,https://www.facebook.com/search/top/?q=Adams%20Farms%20Dexter,,NO_WEBSITE
Barkley Hills Honey,Kentucky,"Cadiz, KY",None,1,270-889-3939,barkleyhillshoney@gmail.com,https://www.facebook.com/search/top/?q=Barkley%20Hills%20Honey%20Cadiz,,NO_WEBSITE
Papa Brown's,Kentucky,"Paducah, KY",None,1,270-436-6400,rlbrown@wk.net,https://www.facebook.com/search/top/?q=Papa%20Brown%27s%20Paducah,,NO_WEBSITE
Hopeful Hills Farm,Kentucky,"Lexington, KY",None,1,N/A,N/A,https://www.facebook.com/search/top/?q=Hopeful%20Hills%20Farm%20Lexington,,NO_WEBSITE
Copeland Orchard,Kentucky,"Mayfield, KY",None,1,270-623-8312,N/A,https://www.facebook.com/search/top/?q=Copeland%20Orchard%20Mayfield,,NO_WEBSITE
Broken Buckle Beefalo,Kentucky,"Lexington, KY",None,1,N/A,N/A,https://www.facebook.com/search/top/?q=Broken%20Buckle%20Beefalo%20Lexington,,NO_WEBSITE
Blue Moon Ranch,Kentucky,"Lexington, KY",None,1,N/A,N/A,https://www.facebook.com/search/top/?q=Blue%20Moon%20Ranch%20Lexington,,NO_WEBSITE
Jay's Pumpkin Patch,Kentucky,"Kirksey, KY",None,1,270-978-6418,jayspumpkinpatch@gmail.com,https://www.facebook.com/search/top/?q=Jay%27s%20Pumpkin%20Patch%20Kirksey,,NO_WEBSITE
Harris Farms,Kentucky,"Benton, KY",None,1,270-252-6605,Farmgirl1208@hotmail.com,https://www.facebook.com/search/top/?q=Harris%20Farms%20Benton,,NO_WEBSITE
Harrison Farms,Kentucky,"Fulton, KY",None,1,270-519-2841,harrison@ken-tennwireless.com,https://www.facebook.com/search/top/?q=Harrison%20Farms%20Fulton,,NO_WEBSITE
D&B Farms,Kentucky,"Mayfield, KY",None,1,270-970-0926,Mlir222@g.uky.edu,https://www.facebook.com/search/top/?q=D%26B%20Farms%20Mayfield,,NO_WEBSITE
Magney Legacy Ridge Farm,Kentucky,"Princeton, KY",None,1,706-564-6757,magneylegacyridgefarm@gmail.com,https://www.facebook.com/search/top/?q=Magney%20Legacy%20Ridge%20Farm%20Princeton,,NO_WEBSITE
Little Rayne Farm,Kentucky,"Farmington, KY",None,1,270-293-9648,Kslr68@yahoo.com,https://www.facebook.com/search/top/?q=Little%20Rayne%20Farm%20Farmington,,NO_WEBSITE
Wades Creek Produce,Kentucky,"Kirksey, KY",None,1,270-293-6989,cpalmer@wk.net,https://www.facebook.com/search/top/?q=Wades%20Creek%20Produce%20Kirksey,,NO_WEBSITE
Spoon Grove Farm,Kentucky,"Paducah, KY",None,1,270-436-2982,kalsinbay@wk.net,https://www.facebook.com/search/top/?q=Spoon%20Grove%20Farm%20Paducah,,NO_WEBSITE
Fika Acres Farm,Kentucky,"Lexington, KY",None,1,N/A,fikaacresfarm@gmail.com,https://www.facebook.com/search/top/?q=Fika%20Acres%20Farm%20Lexington,,NO_WEBSITE
Sutton's Sweet Corn,Kentucky,"Paducah, KY",None,1,270-978-7599,Stephanie.steele.agc@gmail.com,https://www.facebook.com/search/top/?q=Sutton%27s%20Sweet%20Corn%20Paducah,,NO_WEBSITE
Larry Tucker Farms,Kentucky,"Kirksey, KY",None,1,270-489-2477,N/A,https://www.facebook.com/search/top/?q=Larry%20Tucker%20Farms%20Kirksey,,NO_WEBSITE
Rustydog Farm,Kentucky,"Hardin, KY",None,1,908-878-7647,Patricia.stewart@gmail.com,https://www.facebook.com/search/top/?q=Rustydog%20Farm%20Hardin,,NO_WEBSITE
Wright Farms,Kentucky,"Paducah, KY",None,1,270-753-6835,keithawright@yahoo.com,https://www.facebook.com/search/top/?q=Wright%20Farms%20Paducah,,NO_WEBSITE
KY Hydro Farm,Kentucky,"Benton, KY",None,1,270-703-2183,Wyatt.jerry@gmail.com,https://www.facebook.com/search/top/?q=KY%20Hydro%20Farm%20Benton,,NO_WEBSITE
Alexander Land & Cattle LLC,Kentucky,"Lexington, KY",None,1,N/A,N/A,https://www.facebook.com/search/top/?q=Alexander%20Land%20%26%20Cattle%20LLC%20Lexington,,NO_WEBSITE
Gluten Free Miracles,Kentucky,"Lexington, KY",None,1,(859) 278-8888,denise@glutenfreemiracles.com,https://www.facebook.com/search/top/?q=Gluten%20Free%20Miracles%20Lexington,,NO_WEBSITE
Olive's Apron,Kentucky,"Lexington, KY",None,1,(859) 810-4149,olivesapron@gmail.com,https://www.facebook.com/search/top/?q=Olive%27s%20Apron%20Lexington,,NO_WEBSITE
Caramanda's,Kentucky,"Lexington, KY",None,1,N/A,N/A,https://www.facebook.com/search/top/?q=Caramanda%27s%20Lexington,,NO_WEBSITE
Sunrise Bakery,Kentucky,"Lexington, KY",None,1,N/A,N/A,https://www.facebook.com/search/top/?q=Sunrise%20Bakery%20Lexington,,NO_WEBSITE
Baby Leaf Farm,Kentucky,"Lexington, KY",None,1,N/A,N/A,https://www.facebook.com/search/top/?q=Baby%20Leaf%20Farm%20Lexington,,NO_WEBSITE
Cacklin' Hen,Kentucky,"Lexington, KY",None,1,N/A,N/A,https://www.facebook.com/search/top/?q=Cacklin%27%20Hen%20Lexington,,NO_WEBSITE
Charlie's Micro Farm,Kentucky,"Lexington, KY",None,1,N/A,N/A,https://www.facebook.com/search/top/?q=Charlie%27s%20Micro%20Farm%20Lexington,,NO_WEBSITE
Clark Family Farms,Kentucky,"Lexington, KY",None,1,N/A,N/A,https://www.facebook.com/search/top/?q=Clark%20Family%20Farms%20Lexington,,NO_WEBSITE
Clem's Foods,Kentucky,"Lexington, KY",None,1,N/A,N/A,https://www.facebook.com/search/top/?q=Clem%27s%20Foods%20Lexington,,NO_WEBSITE
Crank & Boom Craft Ice Cream,Kentucky,"Lexington, KY",None,1,N/A,N/A,https://www.facebook.com/search/top/?q=Crank%20%26%20Boom%20Craft%20Ice%20Cream%20Lexington,,NO_WEBSITE
Critchfield Meats,Kentucky,"Lexington, KY",None,1,N/A,N/A,https://www.facebook.com/search/top/?q=Critchfield%20Meats%20Lexington,,NO_WEBSITE
Crooked Row Farm,Kentucky,"Lexington, KY",None,1,N/A,N/A,https://www.facebook.com/search/top/?q=Crooked%20Row%20Farm%20Lexington,,NO_WEBSITE
Duntreath Farm,Kentucky,"Lexington, KY",None,1,N/A,N/A,https://www.facebook.com/search/top/?q=Duntreath%20Farm%20Lexington,,NO_WEBSITE
Eggstra Ordinary,Kentucky,"Lexington, KY",None,1,N/A,N/A,https://www.facebook.com/search/top/?q=Eggstra%20Ordinary%20Lexington,,NO_WEBSITE
Fox Field Heirloom,Kentucky,"Lexington, KY",None,1,N/A,N/A,https://www.facebook.com/search/top/?q=Fox%20Field%20Heirloom%20Lexington,,NO_WEBSITE
Blue Moon Farm,Kentucky,"Lexington, KY",None,1,N/A,N/A,https://www.facebook.com/search/top/?q=Blue%20Moon%20Farm%20Lexington,,NO_WEBSITE
Two Suns Farms,Kentucky,"Lexington, KY",None,1,859-608-1562,2twosunsfarm@gmail.com,https://www.facebook.com/search/top/?q=Two%20Suns%20Farms%20Lexington,,NO_WEBSITE
Ikonic Kutz MS,Mississippi,"Gulfport, MS",None,1,N/A,N/A,https://www.facebook.com/search/top/?q=Ikonic%20Kutz%20MS%20Gulfport,,NO_WEBSITE
Defined Kutz.. SlicedbyDee,Mississippi,"Gulfport, MS",None,1,N/A,N/A,https://www.facebook.com/search/top/?q=Defined%20Kutz..%20SlicedbyDee%20Gulfport,,NO_WEBSITE
Defined Kutz... Cam,Mississippi,"Gulfport, MS",None,1,N/A,N/A,https://www.facebook.com/search/top/?q=Defined%20Kutz...%20Cam%20Gulfport,,NO_WEBSITE
Sheep Dogg,Mississippi,"Gulfport, MS",None,1,228-219-1275,N/A,https://www.facebook.com/search/top/?q=Sheep%20Dogg%20Gulfport,,NO_WEBSITE
Ricky's Barbershop,Mississippi,"Gulfport, MS",None,1,504-352-2225,N/A,https://www.facebook.com/search/top/?q=Ricky%27s%20Barbershop%20Gulfport,,NO_WEBSITE
Mr Lean Cuts,Mississippi,"Gulfport, MS",None,1,N/A,N/A,https://www.facebook.com/search/top/?q=Mr%20Lean%20Cuts%20Gulfport,,NO_WEBSITE
Chop Shop barber/beauty,Mississippi,"Gulfport, MS",None,1,(662) 614-9595,N/A,https://www.facebook.com/search/top/?q=Chop%20Shop%20barber/beauty%20Gulfport,,NO_WEBSITE
Civil Savage Lounge,Mississippi,"Gulfport, MS",None,1,727-331-5257,N/A,https://www.facebook.com/search/top/?q=Civil%20Savage%20Lounge%20Gulfport,,NO_WEBSITE
Faith@Work,Mississippi,"Gulfport, MS",None,1,N/A,N/A,https://www.facebook.com/search/top/?q=Faith%40Work%20Gulfport,,NO_WEBSITE
Defined Kutz JRushdaBarber,Mississippi,"Gulfport, MS",None,1,N/A,N/A,https://www.facebook.com/search/top/?q=Defined%20Kutz%20JRushdaBarber%20Gulfport,,NO_WEBSITE
KyBlendz,Mississippi,"Gulfport, MS",None,1,228-234-9396,N/A,https://www.facebook.com/search/top/?q=KyBlendz%20Gulfport,,NO_WEBSITE
King Diamond Blendz,Mississippi,"Gulfport, MS",None,1,N/A,N/A,https://www.facebook.com/search/top/?q=King%20Diamond%20Blendz%20Gulfport,,NO_WEBSITE
SanIAmCJZ-TheBarber,Mississippi,"Gulfport, MS",None,1,N/A,N/A,https://www.facebook.com/search/top/?q=SanIAmCJZ-TheBarber%20Gulfport,,NO_WEBSITE
Cutz by KC,Mississippi,"Gulfport, MS",None,1,228-697-9836,N/A,https://www.facebook.com/search/top/?q=Cutz%20by%20KC%20Gulfport,,NO_WEBSITE
Razors Edge Barbershop,Mississippi,"Biloxi, MS",None,1,228-435-6149,N/A,https://www.facebook.com/search/top/?q=Razors%20Edge%20Barbershop%20Biloxi,,NO_WEBSITE
TheHeavenlyCutz,Mississippi,"Biloxi, MS",None,1,N/A,N/A,https://www.facebook.com/search/top/?q=TheHeavenlyCutz%20Biloxi,,NO_WEBSITE
The Gentleman's Blade Biloxi,Mississippi,"Biloxi, MS",None,1,N/A,N/A,https://www.facebook.com/search/top/?q=The%20Gentleman%27s%20Blade%20Biloxi%20Biloxi,,NO_WEBSITE
Chester's Professional Barbering,Mississippi,"Biloxi, MS",None,1,N/A,N/A,https://www.facebook.com/search/top/?q=Chester%27s%20Professional%20Barbering%20Biloxi,,NO_WEBSITE
Trendsetters 307 Barbershop,Mississippi,"Biloxi, MS",None,1,228-249-0071,N/A,https://www.facebook.com/search/top/?q=Trendsetters%20307%20Barbershop%20Biloxi,,NO_WEBSITE
DC Studio,Mississippi,"Biloxi, MS",None,1,N/A,N/A,https://www.facebook.com/search/top/?q=DC%20Studio%20Biloxi,,NO_WEBSITE
OmiiBarber,Mississippi,"Biloxi, MS",None,1,N/A,N/A,https://www.facebook.com/search/top/?q=OmiiBarber%20Biloxi,,NO_WEBSITE
Danes Barber Shop,Mississippi,"Biloxi, MS",None,1,228-374-9991,N/A,https://www.facebook.com/search/top/?q=Danes%20Barber%20Shop%20Biloxi,,NO_WEBSITE
LV Sports Barber,Mississippi,"Biloxi, MS",None,1,N/A,N/A,https://www.facebook.com/search/top/?q=LV%20Sports%20Barber%20Biloxi,,NO_WEBSITE
WHO DAT BARBERSHOP,Mississippi,"Biloxi, MS",None,1,(228) 238-7343,N/A,https://www.facebook.com/search/top/?q=WHO%20DAT%20BARBERSHOP%20Biloxi,,NO_WEBSITE
NuKutz,Mississippi,"Biloxi, MS",None,1,N/A,N/A,https://www.facebook.com/search/top/?q=NuKutz%20Biloxi,,NO_WEBSITE
Calvary Cuts/Tim Holmes,Mississippi,"Biloxi, MS",None,1,N/A,N/A,https://www.facebook.com/search/top/?q=Calvary%20Cuts/Tim%20Holmes%20Biloxi,,NO_WEBSITE
Xclusive Cutz Barbershop,Mississippi,"Oxford, MS",None,1,N/A,N/A,https://www.facebook.com/search/top/?q=Xclusive%20Cutz%20Barbershop%20Oxford,,NO_WEBSITE
Perfect kuz,Mississippi,"Oxford, MS",None,1,N/A,N/A,https://www.facebook.com/search/top/?q=Perfect%20kuz%20Oxford,,NO_WEBSITE
FadedByJonez,Mississippi,"Oxford, MS",None,1,N/A,N/A,https://www.facebook.com/search/top/?q=FadedByJonez%20Oxford,,NO_WEBSITE
Authentique,Mississippi,"Oxford, MS",None,1,N/A,N/A,https://www.facebook.com/search/top/?q=Authentique%20Oxford,,NO_WEBSITE
Phillips Building Supply,Mississippi,"Gulfport, MS",None,1,228-868-1101,N/A,https://www.facebook.com/search/top/?q=Phillips%20Building%20Supply%20Gulfport,,NO_WEBSITE
Ellzey's Hardware,Mississippi,"Biloxi, MS",None,1,(228) 436-6314,N/A,https://www.facebook.com/search/top/?q=Ellzey%27s%20Hardware%20Biloxi,,NO_WEBSITE
Lofland Al Tools & Hardware Supplies,Mississippi,"Biloxi, MS",None,1,N/A,N/A,https://www.facebook.com/search/top/?q=Lofland%20Al%20Tools%20%26%20Hardware%20Supplies%20Biloxi,,NO_WEBSITE
Seamless Gutters Tools & Hardware Supplies,Mississippi,"Biloxi, MS",None,1,N/A,N/A,https://www.facebook.com/search/top/?q=Seamless%20Gutters%20Tools%20%26%20Hardware%20Supplies%20Biloxi,,NO_WEBSITE
Pass Road Hardware,Mississippi,"Biloxi, MS",None,1,(228) 432-0736,N/A,https://www.facebook.com/search/top/?q=Pass%20Road%20Hardware%20Biloxi,,NO_WEBSITE
True Value Hardware Store,Mississippi,"Oxford, MS",None,1,(662) 607-2830,N/A,https://www.facebook.com/search/top/?q=True%20Value%20Hardware%20Store%20Oxford,,NO_WEBSITE
Moore's Building Supplies,Mississippi,"Oxford, MS",None,1,N/A,N/A,https://www.facebook.com/search/top/?q=Moore%27s%20Building%20Supplies%20Oxford,,NO_WEBSITE
Coastal Hardware & Rental,Mississippi,"Gulfport, MS",None,1,228-586-1379,N/A,https://www.facebook.com/search/top/?q=Coastal%20Hardware%20%26%20Rental%20Gulfport,,NO_WEBSITE
Snappers Seafood Biloxi,Mississippi,"Biloxi, MS",None,1,(228) 374-7962,N/A,https://www.facebook.com/search/top/?q=Snappers%20Seafood%20Biloxi%20Biloxi,,NO_WEBSITE
McElroy's Harbor House,Mississippi,"Biloxi, MS",None,1,(228) 435-5001,N/A,https://www.facebook.com/search/top/?q=McElroy%27s%20Harbor%20House%20Biloxi,,NO_WEBSITE
Mack's On the River,Mississippi,"Gulfport, MS",None,1,601-582-5101,gary@macksontheriver.com,https://www.facebook.com/search/top/?q=Mack%27s%20On%20the%20River%20Gulfport,,NO_WEBSITE
Catfish Country,Mississippi,"Oxford, MS",None,1,N/A,N/A,https://www.facebook.com/search/top/?q=Catfish%20Country%20Oxford,,NO_WEBSITE
Crawfish Haven Seafood,Mississippi,"Gulfport, MS",None,1,N/A,N/A,https://www.facebook.com/search/top/?q=Crawfish%20Haven%20Seafood%20Gulfport,,NO_WEBSITE
Crazy Lu Seafood Shack,Mississippi,"Biloxi, MS",None,1,N/A,N/A,https://www.facebook.com/search/top/?q=Crazy%20Lu%20Seafood%20Shack%20Biloxi,,NO_WEBSITE
Crossroads Seafood,Mississippi,"Oxford, MS",None,1,(662) 469-9188,N/A,https://www.facebook.com/search/top/?q=Crossroads%20Seafood%20Oxford,,NO_WEBSITE
Flava Shack Seafood,Mississippi,"Gulfport, MS",None,1,N/A,N/A,https://www.facebook.com/search/top/?q=Flava%20Shack%20Seafood%20Gulfport,,NO_WEBSITE
Lobster King Cajun Seafood & Wings,Mississippi,"Biloxi, MS",None,1,N/A,N/A,https://www.facebook.com/search/top/?q=Lobster%20King%20Cajun%20Seafood%20%26%20Wings%20Biloxi,,NO_WEBSITE
Shucker's Oyster Bar,Mississippi,"Oxford, MS",None,1,(601) 853-0105,N/A,https://www.facebook.com/search/top/?q=Shucker%27s%20Oyster%20Bar%20Oxford,,NO_WEBSITE
Flights Fish and Wings Restaurant,Mississippi,"Gulfport, MS",None,1,N/A,N/A,https://www.facebook.com/search/top/?q=Flights%20Fish%20and%20Wings%20Restaurant%20Gulfport,,NO_WEBSITE
The Chimneys Restaurant,Mississippi,"Gulfport, MS",None,1,228-863-7604,N/A,https://www.facebook.com/search/top/?q=The%20Chimneys%20Restaurant%20Gulfport,,NO_WEBSITE
Birch Hill Sugarworks,Vermont,"Montpelier, VT",None,1,+1 802-760-7350,N/A,https://www.facebook.com/search/top/?q=Birch%20Hill%20Sugarworks%20Montpelier,,NO_WEBSITE
Bixby Hill Sugarhouse,Vermont,"Burlington, VT",None,1,(802) 343-0259,N/A,https://www.facebook.com/search/top/?q=Bixby%20Hill%20Sugarhouse%20Burlington,,NO_WEBSITE
Black Bear Farm,Vermont,"Brattleboro, VT",None,1,N/A,N/A,https://www.facebook.com/search/top/?q=Black%20Bear%20Farm%20Brattleboro,,NO_WEBSITE
Black Bear Maple,Vermont,"Montpelier, VT",None,1,N/A,N/A,https://www.facebook.com/search/top/?q=Black%20Bear%20Maple%20Montpelier,,NO_WEBSITE
Black Creek Maple,Vermont,"Burlington, VT",None,1,802-644-6597,info@blackcreekmaple.com,https://www.facebook.com/search/top/?q=Black%20Creek%20Maple%20Burlington,,NO_WEBSITE
Blackberry Hill Horse Logging and Maple Syrup,Vermont,"Brattleboro, VT",None,1,N/A,N/A,https://www.facebook.com/search/top/?q=Blackberry%20Hill%20Horse%20Logging%20and%20Maple%20Syrup%20Brattleboro,,NO_WEBSITE
Blacksheep Organics LLC,Vermont,"Montpelier, VT",None,1,N/A,N/A,https://www.facebook.com/search/top/?q=Blacksheep%20Organics%20LLC%20Montpelier,,NO_WEBSITE
Blakeslee,Vermont,"Burlington, VT",None,1,N/A,N/A,https://www.facebook.com/search/top/?q=Blakeslee%20Burlington,,NO_WEBSITE
Blue Bird Ridge Tree Farm,Vermont,"Brattleboro, VT",None,1,1-800-269-9151,N/A,https://www.facebook.com/search/top/?q=Blue%20Bird%20Ridge%20Tree%20Farm%20Brattleboro,,NO_WEBSITE
Bolton Mountain Maple Farm LLC,Vermont,"Montpelier, VT",None,1,(802) 864-0552,chuckbolton@comcast.net,https://www.facebook.com/search/top/?q=Bolton%20Mountain%20Maple%20Farm%20LLC%20Montpelier,,NO_WEBSITE
Bonum Natura LLC,Vermont,"Burlington, VT",None,1,N/A,N/A,https://www.facebook.com/search/top/?q=Bonum%20Natura%20LLC%20Burlington,,NO_WEBSITE
Booth Family Sugar House,Vermont,"Brattleboro, VT",None,1,N/A,N/A,https://www.facebook.com/search/top/?q=Booth%20Family%20Sugar%20House%20Brattleboro,,NO_WEBSITE
Borland Farm,Vermont,"Montpelier, VT",None,1,N/A,N/A,https://www.facebook.com/search/top/?q=Borland%20Farm%20Montpelier,,NO_WEBSITE
Bouchard Family Dairy LLC,Vermont,"Burlington, VT",None,1,(802) 782-5944,N/A,https://www.facebook.com/search/top/?q=Bouchard%20Family%20Dairy%20LLC%20Burlington,,NO_WEBSITE
Bourdon Maple Farm,Vermont,"Brattleboro, VT",None,1,(802) 300-3203,info@bourdonmaple.com,https://www.facebook.com/search/top/?q=Bourdon%20Maple%20Farm%20Brattleboro,,NO_WEBSITE
Bragg Farm Sugarhouse & Gift Shop,Vermont,"Montpelier, VT",None,1,(802) 223-5757,braggfarmsugarhouse@aol.com,https://www.facebook.com/search/top/?q=Bragg%20Farm%20Sugarhouse%20%26%20Gift%20Shop%20Montpelier,,NO_WEBSITE
Branon Family Maple Orchards LLC,Vermont,"Burlington, VT",None,1,(802) 827-3914,info@branonmaple.com,https://www.facebook.com/search/top/?q=Branon%20Family%20Maple%20Orchards%20LLC%20Burlington,,NO_WEBSITE
Branon's Barrywilde Maples LLC,Vermont,"Brattleboro, VT",None,1,+1 802-309-4773,barrywildemaples@gmail.com,https://www.facebook.com/search/top/?q=Branon%27s%20Barrywilde%20Maples%20LLC%20Brattleboro,,NO_WEBSITE
Bread Loaf View Farm,Vermont,"Montpelier, VT",None,1,(802) 349-1755,info@breadloafviewfarm.com,https://www.facebook.com/search/top/?q=Bread%20Loaf%20View%20Farm%20Montpelier,,NO_WEBSITE
Breezy Lane Sugarworks,Vermont,"Burlington, VT",None,1,(802) 377-1066,N/A,https://www.facebook.com/search/top/?q=Breezy%20Lane%20Sugarworks%20Burlington,,NO_WEBSITE
Broken Saw Maple,Vermont,"Brattleboro, VT",None,1,N/A,N/A,https://www.facebook.com/search/top/?q=Broken%20Saw%20Maple%20Brattleboro,,NO_WEBSITE
Brookfield Bees,Vermont,"Montpelier, VT",None,1,+1 802-276-3808,Brookfieldbees@gmail.com,https://www.facebook.com/search/top/?q=Brookfield%20Bees%20Montpelier,,NO_WEBSITE
Browns River Maple LLC,Vermont,"Burlington, VT",None,1,N/A,N/A,https://www.facebook.com/search/top/?q=Browns%20River%20Maple%20LLC%20Burlington,,NO_WEBSITE
Buck Family Maple Farm,Vermont,"Brattleboro, VT",None,1,802-244-8792,info@buckfamilymaple.com,https://www.facebook.com/search/top/?q=Buck%20Family%20Maple%20Farm%20Brattleboro,,NO_WEBSITE
Buck Mountain Maple Bee & Tree Farm,Vermont,"Montpelier, VT",None,1,N/A,Buckmtnmaplefarm@gmail.com,https://www.facebook.com/search/top/?q=Buck%20Mountain%20Maple%20Bee%20%26%20Tree%20Farm%20Montpelier,,NO_WEBSITE
Burke Mt Maple Company,Vermont,"Burlington, VT",None,1,N/A,N/A,https://www.facebook.com/search/top/?q=Burke%20Mt%20Maple%20Company%20Burlington,,NO_WEBSITE
Butternut Mountain Farm,Vermont,"Brattleboro, VT",None,1,1 (800) 828-2376,N/A,https://www.facebook.com/search/top/?q=Butternut%20Mountain%20Farm%20Brattleboro,,NO_WEBSITE
Carman Brook Farm LLC,Vermont,"Montpelier, VT",None,1,802-868-2347,Karen@cbmaplefarm.com,https://www.facebook.com/search/top/?q=Carman%20Brook%20Farm%20LLC%20Montpelier,,NO_WEBSITE
George Ainley,Vermont,"Burlington, VT",None,1,(802) 263-5217,ainley.geo@gmail.com,https://www.facebook.com/search/top/?q=George%20Ainley%20Burlington,,NO_WEBSITE
Jim Becker,Vermont,"Brattleboro, VT",None,1,802-295-7004,jim@jasbecker.com,https://www.facebook.com/search/top/?q=Jim%20Becker%20Brattleboro,,NO_WEBSITE
Richard Bissell,Vermont,"Montpelier, VT",None,1,802-884-2725,richard@bissellwoodworking.com,https://www.facebook.com/search/top/?q=Richard%20Bissell%20Montpelier,,NO_WEBSITE
David Boynton,Vermont,"Burlington, VT",None,1,802-454-7387,dboynton@ezcloud.com,https://www.facebook.com/search/top/?q=David%20Boynton%20Burlington,,NO_WEBSITE
Jason Breen,Vermont,"Brattleboro, VT",None,1,802-257-9993,jasonebreen@gmail.com,https://www.facebook.com/search/top/?q=Jason%20Breen%20Brattleboro,,NO_WEBSITE
Timothy Clark,Vermont,"Montpelier, VT",None,1,802-989-3204,tim@timothyclark.com,https://www.facebook.com/search/top/?q=Timothy%20Clark%20Montpelier,,NO_WEBSITE
BR Delaney,Vermont,"Burlington, VT",None,1,717-368-3067,br@fieldstonearts.com,https://www.facebook.com/search/top/?q=BR%20Delaney%20Burlington,,NO_WEBSITE
Eric Diven,Vermont,"Brattleboro, VT",None,1,(937) 602-9271,eric@longwalkwoodworking.com,https://www.facebook.com/search/top/?q=Eric%20Diven%20Brattleboro,,NO_WEBSITE
Nick English,Vermont,"Montpelier, VT",None,1,(804) 687-2523,hello@petiteandenglish.com,https://www.facebook.com/search/top/?q=Nick%20English%20Montpelier,,NO_WEBSITE
Chris Ericson,Vermont,"Burlington, VT",None,1,802-380-2392,chris@chrisericsonfurniture.com,https://www.facebook.com/search/top/?q=Chris%20Ericson%20Burlington,,NO_WEBSITE
Bob Gasperetti,Vermont,"Brattleboro, VT",None,1,802-293-5195,bob@gasperetti.com,https://www.facebook.com/search/top/?q=Bob%20Gasperetti%20Brattleboro,,NO_WEBSITE
Greg Goodman,Vermont,"Montpelier, VT",None,1,802-451-8911,gcabmak@gmail.com,https://www.facebook.com/search/top/?q=Greg%20Goodman%20Montpelier,,NO_WEBSITE
David Hurwitz,Vermont,"Burlington, VT",None,1,802-728-9399,dho@davidhurwitzoriginals.com,https://www.facebook.com/search/top/?q=David%20Hurwitz%20Burlington,,NO_WEBSITE
David Lewis,Vermont,"Brattleboro, VT",None,1,802-377-5209,david@lewiswoodshop.com,https://www.facebook.com/search/top/?q=David%20Lewis%20Brattleboro,,NO_WEBSITE
John Lomas,Vermont,"Montpelier, VT",None,1,802-747-8564,johnlomasfurniture@gmail.com,https://www.facebook.com/search/top/?q=John%20Lomas%20Montpelier,,NO_WEBSITE
Ward Joyce Design,Vermont,"Burlington, VT",None,1,802-522-0150,wardjoyce1@hotmail.com,https://www.facebook.com/search/top/?q=Ward%20Joyce%20Design%20Burlington,,NO_WEBSITE
JH Design Build,Vermont,"Brattleboro, VT",None,1,N/A,N/A,https://www.facebook.com/search/top/?q=JH%20Design%20Build%20Brattleboro,,NO_WEBSITE
Anomal Design + Fabrication,Vermont,"Montpelier, VT",None,1,N/A,N/A,https://www.facebook.com/search/top/?q=Anomal%20Design%20%2B%20Fabrication%20Montpelier,,NO_WEBSITE
Arocordis Design,Vermont,"Burlington, VT",None,1,802-448-0056,info@arocordisdesign.com,https://www.facebook.com/search/top/?q=Arocordis%20Design%20Burlington,,NO_WEBSITE
Ecolibrium LLC,Vermont,"Brattleboro, VT",None,1,802-522-5840,N/A,https://www.facebook.com/search/top/?q=Ecolibrium%20LLC%20Brattleboro,,NO_WEBSITE
Montpelier Construction L.L.C.,Vermont,"Montpelier, VT",None,1,(802) 229-6575,info@montpelierconstruction.com,https://www.facebook.com/search/top/?q=Montpelier%20Construction%20L.L.C.%20Montpelier,,NO_WEBSITE
Cabot Creamery,Vermont,"Burlington, VT",None,1,800-837-4261,info@cabotcheese.com,https://www.facebook.com/search/top/?q=Cabot%20Creamery%20Burlington,,NO_WEBSITE
